grunnkretsnummer,kommunenummer,year,sequence_id,actual,predicted,error,abs_error
3010204,301,2021,3010204_0,-47.0,-0.5231478,-46.47685217857361,46.47685217857361
3010204,301,2022,3010204_1,43.0,-29.902554,72.90255355834961,72.90255355834961
3010204,301,2023,3010204_2,98.0,89.39464,8.605361938476562,8.605361938476562
3010204,301,2024,3010204_3,120.0,182.54135,-62.541351318359375,62.541351318359375
3010502,301,2021,3010502_0,114.0,29.001968,84.99803161621094,84.99803161621094
3010502,301,2022,3010502_1,86.0,65.69066,20.309341430664062,20.309341430664062
3010502,301,2023,3010502_2,60.0,43.226498,16.773502349853516,16.773502349853516
3010502,301,2024,3010502_3,27.0,21.222784,5.777215957641602,5.777215957641602
3010606,301,2021,3010606_0,-40.0,-48.96039,8.96038818359375,8.96038818359375
3010606,301,2022,3010606_1,-48.0,-67.704384,19.704383850097656,19.704383850097656
3010606,301,2023,3010606_2,-58.00000000000001,7.0340824,-65.03408241271973,65.03408241271973
3010606,301,2024,3010606_3,11.0,0.054010153,10.945989847183228,10.945989847183228
3010701,301,2021,3010701_0,35.0,37.8144,-2.8143997192382812,2.8143997192382812
3010701,301,2022,3010701_1,23.0,38.252983,-15.252983093261719,15.252983093261719
3010701,301,2023,3010701_2,-29.0,25.959782,-54.959781646728516,54.959781646728516
3010701,301,2024,3010701_3,-28.0,40.614765,-68.61476516723633,68.61476516723633
3010705,301,2021,3010705_0,-10.0,20.194,-30.194000244140625,30.194000244140625
3010705,301,2022,3010705_1,15.0,-5.751315,20.751315116882324,20.751315116882324
3010705,301,2023,3010705_2,23.0,28.719324,-5.719324111938477,5.719324111938477
3010705,301,2024,3010705_3,19.0,33.019974,-14.019973754882812,14.019973754882812
3010709,301,2021,3010709_0,-42.0,-0.19368982,-41.806310176849365,41.806310176849365
3010709,301,2022,3010709_1,-9.0,2.1431499,-11.143149852752686,11.143149852752686
3010709,301,2023,3010709_2,50.0,22.91247,27.0875301361084,27.0875301361084
3010709,301,2024,3010709_3,23.0,47.872463,-24.87246322631836,24.87246322631836
3010806,301,2021,3010806_0,67.0,38.918995,28.081005096435547,28.081005096435547
3010806,301,2022,3010806_1,-18.000000000000004,19.210375,-37.21037483215332,37.21037483215332
3010806,301,2023,3010806_2,-42.0,-41.342484,-0.6575164794921875,0.6575164794921875
3010806,301,2024,3010806_3,-19.0,-25.563278,6.5632781982421875,6.5632781982421875
3010807,301,2021,3010807_0,28.0,11.288834,16.711166381835938,16.711166381835938
3010807,301,2022,3010807_1,6.0,7.639117,-1.6391167640686035,1.6391167640686035
3010807,301,2023,3010807_2,9.0,19.557917,-10.557916641235352,10.557916641235352
3010807,301,2024,3010807_3,-17.0,1.0493586,-18.0493586063385,18.0493586063385
3010808,301,2021,3010808_0,110.0,48.049355,61.950645446777344,61.950645446777344
3010808,301,2022,3010808_1,40.0,52.86314,-12.863140106201172,12.863140106201172
3010808,301,2023,3010808_2,59.0,63.08247,-4.082469940185547,4.082469940185547
3010808,301,2024,3010808_3,47.0,32.72413,14.275871276855469,14.275871276855469
3010902,301,2021,3010902_0,20.0,35.002613,-15.002613067626953,15.002613067626953
3010902,301,2022,3010902_1,-14.0,0.64362097,-14.64362096786499,14.64362096786499
3010902,301,2023,3010902_2,-4.0,2.004087,-6.004086971282959,6.004086971282959
3010902,301,2024,3010902_3,28.0,5.5959253,22.404074668884277,22.404074668884277
3010909,301,2021,3010909_0,221.0,121.72293,99.27706909179688,99.27706909179688
3010909,301,2022,3010909_1,14.0,77.671814,-63.67181396484375,63.67181396484375
3010909,301,2023,3010909_2,-22.0,-20.473066,-1.5269336700439453,1.5269336700439453
3010909,301,2024,3010909_3,-28.0,-21.545715,-6.45428466796875,6.45428466796875
3010913,301,2021,3010913_0,69.0,61.488308,7.511692047119141,7.511692047119141
3010913,301,2022,3010913_1,62.0,27.059368,34.94063186645508,34.94063186645508
3010913,301,2023,3010913_2,10.0,1.9004881,8.099511861801147,8.099511861801147
3010913,301,2024,3010913_3,-24.0,3.9568205,-27.956820487976074,27.956820487976074
3011101,301,2021,3011101_0,-31.0,8.39356,-39.3935604095459,39.3935604095459
3011101,301,2022,3011101_1,-20.0,5.3724585,-25.372458457946777,25.372458457946777
3011101,301,2023,3011101_2,-1.0,27.501455,-28.501455307006836,28.501455307006836
3011101,301,2024,3011101_3,20.0,19.923784,0.07621574401855469,0.07621574401855469
3011604,301,2021,3011604_0,-20.0,6.008322,-26.00832176208496,26.00832176208496
3011604,301,2022,3011604_1,-10.0,5.1405735,-15.140573501586914,15.140573501586914
3011604,301,2023,3011604_2,-33.0,9.206897,-42.20689678192139,42.20689678192139
3011604,301,2024,3011604_3,0.0,9.84712,-9.84712028503418,9.84712028503418
3011606,301,2021,3011606_0,-20.0,6.2234516,-26.223451614379883,26.223451614379883
3011606,301,2022,3011606_1,5.0,-4.122389,9.12238883972168,9.12238883972168
3011606,301,2023,3011606_2,19.0,1.9188186,17.081181406974792,17.081181406974792
3011606,301,2024,3011606_3,-6.0,20.77444,-26.77444076538086,26.77444076538086
3011801,301,2021,3011801_0,271.0,395.05957,-124.0595703125,124.0595703125
3011801,301,2022,3011801_1,318.0,322.1341,-4.13409423828125,4.13409423828125
3011801,301,2023,3011801_2,291.0,354.85248,-63.85247802734375,63.85247802734375
3011801,301,2024,3011801_3,-33.0,117.81791,-150.81790924072266,150.81790924072266
3012008,301,2021,3012008_0,27.0,14.866182,12.133817672729492,12.133817672729492
3012008,301,2022,3012008_1,12.0,-2.104251,14.10425090789795,14.10425090789795
3012008,301,2023,3012008_2,-41.0,-25.69035,-15.309650421142578,15.309650421142578
3012008,301,2024,3012008_3,122.0,-7.2469597,129.2469596862793,129.2469596862793
3012009,301,2021,3012009_0,-14.0,-0.5899849,-13.410015106201172,13.410015106201172
3012009,301,2022,3012009_1,-68.0,-3.8481584,-64.15184164047241,64.15184164047241
3012009,301,2023,3012009_2,-54.0,1.8749777,-55.874977707862854,55.874977707862854
3012009,301,2024,3012009_3,41.0,-6.630639,47.63063907623291,47.63063907623291
3012011,301,2021,3012011_0,0.0,-4.035012,4.0350117683410645,4.0350117683410645
3012011,301,2022,3012011_1,0.0,-3.9603448,3.9603447914123535,3.9603447914123535
3012011,301,2023,3012011_2,0.0,-3.8660989,3.8660988807678223,3.8660988807678223
3012011,301,2024,3012011_3,0.0,-3.8023171,3.8023171424865723,3.8023171424865723
3012207,301,2021,3012207_0,321.0,308.19806,12.80194091796875,12.80194091796875
3012207,301,2022,3012207_1,245.0,189.19989,55.80010986328125,55.80010986328125
3012207,301,2023,3012207_2,-22.0,90.75656,-112.75656127929688,112.75656127929688
3012207,301,2024,3012207_3,44.0,38.478687,5.521312713623047,5.521312713623047
3012302,301,2021,3012302_0,78.0,26.816769,51.183231353759766,51.183231353759766
3012302,301,2022,3012302_1,49.0,31.236546,17.76345443725586,17.76345443725586
3012302,301,2023,3012302_2,29.0,18.881784,10.118215560913086,10.118215560913086
3012302,301,2024,3012302_3,63.0,35.198105,27.801895141601562,27.801895141601562
3012307,301,2021,3012307_0,70.0,43.653923,26.34607696533203,26.34607696533203
3012307,301,2022,3012307_1,73.0,24.296719,48.70328140258789,48.70328140258789
3012307,301,2023,3012307_2,0.0,-5.998126,5.998126029968262,5.998126029968262
3012307,301,2024,3012307_3,38.0,-46.35315,84.3531494140625,84.3531494140625
3012312,301,2021,3012312_0,17.0,4.69465,12.305349826812744,12.305349826812744
3012312,301,2022,3012312_1,-4.0,18.187588,-22.18758773803711,22.18758773803711
3012312,301,2023,3012312_2,1.0,16.324142,-15.324142456054688,15.324142456054688
3012312,301,2024,3012312_3,25.0,19.24287,5.757129669189453,5.757129669189453
3012608,301,2021,3012608_0,83.0,118.7787,-35.77870178222656,35.77870178222656
3012608,301,2022,3012608_1,39.0,59.954117,-20.954116821289062,20.954116821289062
3012608,301,2023,3012608_2,11.0,17.060238,-6.060237884521484,6.060237884521484
3012608,301,2024,3012608_3,-2.0,8.191961,-10.191961288452148,10.191961288452148
3012705,301,2021,3012705_0,13.0,11.337379,1.6626205444335938,1.6626205444335938
3012705,301,2022,3012705_1,-20.0,-17.863796,-2.1362037658691406,2.1362037658691406
3012705,301,2023,3012705_2,-20.0,-4.984959,-15.015040874481201,15.015040874481201
3012705,301,2024,3012705_3,-41.0,-3.15514,-37.8448600769043,37.8448600769043
3013006,301,2021,3013006_0,1.0,37.496548,-36.49654769897461,36.49654769897461
3013006,301,2022,3013006_1,63.0,35.179752,27.820247650146484,27.820247650146484
3013006,301,2023,3013006_2,9.0,45.136745,-36.13674545288086,36.13674545288086
3013006,301,2024,3013006_3,24.000000000000004,52.35973,-28.3597297668457,28.3597297668457
3013008,301,2021,3013008_0,52.0,60.67239,-8.67238998413086,8.67238998413086
3013008,301,2022,3013008_1,65.0,50.423332,14.576667785644531,14.576667785644531
3013008,301,2023,3013008_2,88.0,63.888695,24.111305236816406,24.111305236816406
3013008,301,2024,3013008_3,112.0,56.09394,55.90605926513672,55.90605926513672
3013010,301,2021,3013010_0,55.99999999999999,64.905136,-8.905136108398445,8.905136108398445
3013010,301,2022,3013010_1,-15.0,66.55382,-81.55381774902344,81.55381774902344
3013010,301,2023,3013010_2,111.0,25.685726,85.31427383422852,85.31427383422852
3013010,301,2024,3013010_3,98.0,81.697334,16.30266571044922,16.30266571044922
3013104,301,2021,3013104_0,302.0,278.05725,23.9427490234375,23.9427490234375
3013104,301,2022,3013104_1,99.0,195.48416,-96.48416137695312,96.48416137695312
3013104,301,2023,3013104_2,126.0,148.60825,-22.608245849609375,22.608245849609375
3013104,301,2024,3013104_3,183.0,161.55408,21.4459228515625,21.4459228515625
3013204,301,2021,3013204_0,-96.0,-62.509674,-33.490325927734375,33.490325927734375
3013204,301,2022,3013204_1,-56.0,-76.12429,20.124290466308594,20.124290466308594
3013204,301,2023,3013204_2,-49.99999999999999,-35.037415,-14.962585449218743,14.962585449218743
3013204,301,2024,3013204_3,-19.0,-20.530449,1.5304489135742188,1.5304489135742188
3013306,301,2021,3013306_0,148.0,67.3714,80.62860107421875,80.62860107421875
3013306,301,2022,3013306_1,95.0,103.25179,-8.251792907714844,8.251792907714844
3013306,301,2023,3013306_2,87.00000000000001,120.872116,-33.87211608886717,33.87211608886717
3013306,301,2024,3013306_3,48.0,65.35254,-17.3525390625,17.3525390625
3013307,301,2021,3013307_0,10.0,6.8074713,3.19252872467041,3.19252872467041
3013307,301,2022,3013307_1,50.0,22.630844,27.369155883789062,27.369155883789062
3013307,301,2023,3013307_2,69.0,47.662807,21.33719253540039,21.33719253540039
3013307,301,2024,3013307_3,44.0,57.90593,-13.905929565429688,13.905929565429688
3013313,301,2021,3013313_0,142.0,65.57081,76.42919158935547,76.42919158935547
3013313,301,2022,3013313_1,-11.0,40.0067,-51.00669860839844,51.00669860839844
3013313,301,2023,3013313_2,0.0,-4.1430964,4.143096446990967,4.143096446990967
3013313,301,2024,3013313_3,-12.0,-4.844365,-7.155634880065918,7.155634880065918
3013406,301,2021,3013406_0,5.0,-0.41662693,5.416626930236816,5.416626930236816
3013406,301,2022,3013406_1,13.0,29.090609,-16.090608596801758,16.090608596801758
3013406,301,2023,3013406_2,32.0,22.26051,9.739490509033203,9.739490509033203
3013406,301,2024,3013406_3,12.0,27.912735,-15.912734985351562,15.912734985351562
3013412,301,2021,3013412_0,-16.0,31.68614,-47.686140060424805,47.686140060424805
3013412,301,2022,3013412_1,13.0,0.4777317,12.522268295288086,12.522268295288086
3013412,301,2023,3013412_2,6.0,6.5248156,-0.524815559387207,0.524815559387207
3013412,301,2024,3013412_3,-37.0,21.743135,-58.74313545227051,58.74313545227051
3013509,301,2021,3013509_0,-24.0,-26.098711,2.0987110137939453,2.0987110137939453
3013509,301,2022,3013509_1,-20.0,-21.258759,1.258758544921875,1.258758544921875
3013509,301,2023,3013509_2,-26.0,25.057968,-51.05796813964844,51.05796813964844
3013509,301,2024,3013509_3,-2.0,13.476085,-15.47608470916748,15.47608470916748
3013511,301,2021,3013511_0,-11.0,-27.738132,16.73813247680664,16.73813247680664
3013511,301,2022,3013511_1,33.0,19.1029,13.897100448608398,13.897100448608398
3013511,301,2023,3013511_2,45.00000000000001,38.253063,6.74693679809571,6.74693679809571
3013511,301,2024,3013511_3,64.0,31.061949,32.93805122375488,32.93805122375488
3013616,301,2021,3013616_0,-1.0,10.49453,-11.494529724121094,11.494529724121094
3013616,301,2022,3013616_1,5.0,8.845371,-3.8453712463378906,3.8453712463378906
3013616,301,2023,3013616_2,5.0,2.0916963,2.908303737640381,2.908303737640381
3013616,301,2024,3013616_3,-4.0,7.0674624,-11.06746244430542,11.06746244430542
3013618,301,2021,3013618_0,0.0,-7.2516956,7.25169563293457,7.25169563293457
3013618,301,2022,3013618_1,5.0,-2.4173002,7.417300224304199,7.417300224304199
3013618,301,2023,3013618_2,20.0,3.3981268,16.60187315940857,16.60187315940857
3013618,301,2024,3013618_3,17.0,-10.387626,27.387625694274902,27.387625694274902
3013702,301,2021,3013702_0,8.0,23.320387,-15.32038688659668,15.32038688659668
3013702,301,2022,3013702_1,-41.0,-10.581198,-30.41880226135254,30.41880226135254
3013702,301,2023,3013702_2,-11.0,-30.107475,19.10747528076172,19.10747528076172
3013702,301,2024,3013702_3,-48.0,-13.68269,-34.31731033325195,34.31731033325195
3013704,301,2021,3013704_0,31.0,-15.482113,46.482112884521484,46.482112884521484
3013704,301,2022,3013704_1,27.0,14.860586,12.139413833618164,12.139413833618164
3013704,301,2023,3013704_2,34.0,16.838488,17.16151237487793,17.16151237487793
3013704,301,2024,3013704_3,58.0,15.8071375,42.19286251068115,42.19286251068115
3013707,301,2021,3013707_0,-7.0,-25.480228,18.480228424072266,18.480228424072266
3013707,301,2022,3013707_1,-8.0,-25.017853,17.017852783203125,17.017852783203125
3013707,301,2023,3013707_2,0.0,-25.14879,25.14879035949707,25.14879035949707
3013707,301,2024,3013707_3,-6.0,-21.376429,15.376428604125977,15.376428604125977
3013807,301,2021,3013807_0,-36.0,-37.74264,1.7426414489746094,1.7426414489746094
3013807,301,2022,3013807_1,-21.0,-22.327877,1.3278770446777344,1.3278770446777344
3013807,301,2023,3013807_2,19.0,-5.4135885,24.413588523864746,24.413588523864746
3013807,301,2024,3013807_3,8.0,-9.138949,17.138949394226074,17.138949394226074
3013808,301,2021,3013808_0,16.0,27.184074,-11.184074401855469,11.184074401855469
3013808,301,2022,3013808_1,45.00000000000001,23.210838,21.789161682128913,21.789161682128913
3013808,301,2023,3013808_2,76.0,30.169743,45.830257415771484,45.830257415771484
3013808,301,2024,3013808_3,35.0,31.516752,3.483247756958008,3.483247756958008
3013817,301,2021,3013817_0,-31.0,-4.3789735,-26.621026515960693,26.621026515960693
3013817,301,2022,3013817_1,-59.0,-38.96488,-20.035118103027344,20.035118103027344
3013817,301,2023,3013817_2,-56.0,-58.44459,2.444591522216797,2.444591522216797
3013817,301,2024,3013817_3,-48.0,-44.539135,-3.460865020751953,3.460865020751953
3013818,301,2021,3013818_0,-71.0,-62.289383,-8.710617065429688,8.710617065429688
3013818,301,2022,3013818_1,-38.0,-43.189808,5.189807891845703,5.189807891845703
3013818,301,2023,3013818_2,24.000000000000004,-22.58718,46.58717918395996,46.58717918395996
3013818,301,2024,3013818_3,65.0,51.397877,13.602123260498047,13.602123260498047
3013821,301,2021,3013821_0,7.0,-12.689138,19.689138412475586,19.689138412475586
3013821,301,2022,3013821_1,40.0,0.63454056,39.36545944213867,39.36545944213867
3013821,301,2023,3013821_2,2.0,19.902225,-17.902225494384766,17.902225494384766
3013821,301,2024,3013821_3,29.0,-5.9860783,34.9860782623291,34.9860782623291
3013902,301,2021,3013902_0,39.0,31.295242,7.7047576904296875,7.7047576904296875
3013902,301,2022,3013902_1,24.000000000000004,19.750767,4.249233245849613,4.249233245849613
3013902,301,2023,3013902_2,-2.0,7.6921725,-9.692172527313232,9.692172527313232
3013902,301,2024,3013902_3,13.0,1.5292649,11.4707350730896,11.4707350730896
3013905,301,2021,3013905_0,-5.0,-2.181808,-2.8181920051574707,2.8181920051574707
3013905,301,2022,3013905_1,-11.0,-2.2845473,-8.715452671051025,8.715452671051025
3013905,301,2023,3013905_2,-7.0,0.22682452,-7.226824522018433,7.226824522018433
3013905,301,2024,3013905_3,-8.0,4.851262,-12.851262092590332,12.851262092590332
3013921,301,2021,3013921_0,12.0,3.0052552,8.994744777679443,8.994744777679443
3013921,301,2022,3013921_1,-3.0,12.636791,-15.636791229248047,15.636791229248047
3013921,301,2023,3013921_2,8.0,-0.3685596,8.36855959892273,8.36855959892273
3013921,301,2024,3013921_3,33.0,10.080099,22.91990089416504,22.91990089416504
3013923,301,2021,3013923_0,-9.0,-17.955198,8.955198287963867,8.955198287963867
3013923,301,2022,3013923_1,-8.0,-16.816797,8.816797256469727,8.816797256469727
3013923,301,2023,3013923_2,15.0,-14.674858,29.67485809326172,29.67485809326172
3013923,301,2024,3013923_3,23.0,0.3683262,22.63167381286621,22.63167381286621
3014001,301,2021,3014001_0,-52.0,-41.251682,-10.74831771850586,10.74831771850586
3014001,301,2022,3014001_1,-55.0,-38.27086,-16.729141235351562,16.729141235351562
3014001,301,2023,3014001_2,-35.0,-35.45522,0.4552192687988281,0.4552192687988281
3014001,301,2024,3014001_3,15.0,3.2786713,11.721328735351562,11.721328735351562
3014017,301,2021,3014017_0,12.0,16.511688,-4.511688232421875,4.511688232421875
3014017,301,2022,3014017_1,13.0,35.73069,-22.730690002441406,22.730690002441406
3014017,301,2023,3014017_2,11.0,-0.09492111,11.094921112060547,11.094921112060547
3014017,301,2024,3014017_3,-9.0,0.32543707,-9.325437068939209,9.325437068939209
3014105,301,2021,3014105_0,0.0,-4.4558673,4.455867290496826,4.455867290496826
3014105,301,2022,3014105_1,0.0,-4.845964,4.845963954925537,4.845963954925537
3014105,301,2023,3014105_2,0.0,-4.562742,4.562742233276367,4.562742233276367
3014105,301,2024,3014105_3,0.0,-4.395578,4.395577907562256,4.395577907562256
3014111,301,2021,3014111_0,-5.0,-22.508898,17.50889778137207,17.50889778137207
3014111,301,2022,3014111_1,0.0,-32.801907,32.80190658569336,32.80190658569336
3014111,301,2023,3014111_2,38.0,-15.316668,53.316667556762695,53.316667556762695
3014111,301,2024,3014111_3,19.0,24.27033,-5.270330429077148,5.270330429077148
3014112,301,2021,3014112_0,33.0,-3.932148,36.93214797973633,36.93214797973633
3014112,301,2022,3014112_1,-14.0,23.70202,-37.7020206451416,37.7020206451416
3014112,301,2023,3014112_2,28.0,21.223938,6.77606201171875,6.77606201171875
3014112,301,2024,3014112_3,18.0,-5.2298183,23.22981834411621,23.22981834411621
3014120,301,2021,3014120_0,-36.0,-40.032806,4.032806396484375,4.032806396484375
3014120,301,2022,3014120_1,-49.0,-55.914497,6.914497375488281,6.914497375488281
3014120,301,2023,3014120_2,-51.0,-49.407448,-1.5925521850585938,1.5925521850585938
3014120,301,2024,3014120_3,-27.0,-44.26127,17.261268615722656,17.261268615722656
3014203,301,2021,3014203_0,-42.0,-59.123646,17.123645782470703,17.123645782470703
3014203,301,2022,3014203_1,-11.0,-47.433666,36.43366622924805,36.43366622924805
3014203,301,2023,3014203_2,47.0,-27.763288,74.7632884979248,74.7632884979248
3014203,301,2024,3014203_3,95.0,50.71737,44.282630920410156,44.282630920410156
3014208,301,2021,3014208_0,-20.0,17.843523,-37.843523025512695,37.843523025512695
3014208,301,2022,3014208_1,-59.0,-18.06153,-40.9384708404541,40.9384708404541
3014208,301,2023,3014208_2,-68.0,-54.95462,-13.045379638671875,13.045379638671875
3014208,301,2024,3014208_3,-8.0,-39.813583,31.813583374023438,31.813583374023438
3014403,301,2021,3014403_0,61.0,43.931835,17.068164825439453,17.068164825439453
3014403,301,2022,3014403_1,64.0,71.17907,-7.179069519042969,7.179069519042969
3014403,301,2023,3014403_2,107.0,88.26681,18.733192443847656,18.733192443847656
3014403,301,2024,3014403_3,114.0,102.18315,11.816848754882812,11.816848754882812
3014409,301,2021,3014409_0,-8.0,29.434395,-37.43439483642578,37.43439483642578
3014409,301,2022,3014409_1,-4.0,25.86492,-29.864919662475586,29.864919662475586
3014409,301,2023,3014409_2,13.0,11.827885,1.1721153259277344,1.1721153259277344
3014409,301,2024,3014409_3,29.0,32.78241,-3.78240966796875,3.78240966796875
3014412,301,2021,3014412_0,-4.0,8.050398,-12.050397872924805,12.050397872924805
3014412,301,2022,3014412_1,18.0,7.230039,10.769960880279541,10.769960880279541
3014412,301,2023,3014412_2,-18.000000000000004,8.105509,-26.105508804321293,26.105508804321293
3014412,301,2024,3014412_3,8.0,19.229599,-11.229598999023438,11.229598999023438
3014501,301,2021,3014501_0,114.0,213.83908,-99.83908081054688,99.83908081054688
3014501,301,2022,3014501_1,116.0,160.69647,-44.69647216796875,44.69647216796875
3014501,301,2023,3014501_2,150.0,112.32838,37.67162322998047,37.67162322998047
3014501,301,2024,3014501_3,21.0,86.46071,-65.46070861816406,65.46070861816406
3014503,301,2021,3014503_0,38.0,37.10772,0.8922805786132812,0.8922805786132812
3014503,301,2022,3014503_1,55.0,40.106216,14.893783569335938,14.893783569335938
3014503,301,2023,3014503_2,35.0,52.229103,-17.229103088378906,17.229103088378906
3014503,301,2024,3014503_3,7.0,42.751404,-35.75140380859375,35.75140380859375
3014504,301,2021,3014504_0,31.0,35.794727,-4.794727325439453,4.794727325439453
3014504,301,2022,3014504_1,10.0,35.126217,-25.126216888427734,25.126216888427734
3014504,301,2023,3014504_2,-14.0,15.956784,-29.95678424835205,29.95678424835205
3014504,301,2024,3014504_3,-7.0,-0.45225167,-6.547748327255249,6.547748327255249
3014505,301,2021,3014505_0,35.0,75.49545,-40.495452880859375,40.495452880859375
3014505,301,2022,3014505_1,-71.0,37.418694,-108.41869354248047,108.41869354248047
3014505,301,2023,3014505_2,-30.0,-32.28841,2.288410186767578,2.288410186767578
3014505,301,2024,3014505_3,-42.0,-34.756542,-7.243457794189453,7.243457794189453
3014506,301,2021,3014506_0,60.0,41.058685,18.941314697265625,18.941314697265625
3014506,301,2022,3014506_1,55.99999999999999,39.243828,16.756172180175774,16.756172180175774
3014506,301,2023,3014506_2,144.0,16.464905,127.53509521484375,127.53509521484375
3014506,301,2024,3014506_3,115.0,225.54507,-110.54507446289062,110.54507446289062
3014510,301,2021,3014510_0,-2.0,-19.304882,17.304882049560547,17.304882049560547
3014510,301,2022,3014510_1,-18.000000000000004,-33.983513,15.983512878417965,15.983512878417965
3014510,301,2023,3014510_2,-12.0,-20.93264,8.932640075683594,8.932640075683594
3014510,301,2024,3014510_3,-17.0,-27.265627,10.265626907348633,10.265626907348633
3014513,301,2021,3014513_0,167.0,226.4361,-59.43609619140625,59.43609619140625
3014513,301,2022,3014513_1,57.0,57.852337,-0.8523368835449219,0.8523368835449219
3014513,301,2023,3014513_2,41.0,14.858409,26.14159107208252,26.14159107208252
3014513,301,2024,3014513_3,9.0,44.593956,-35.593955993652344,35.593955993652344
3014603,301,2021,3014603_0,123.0,127.26061,-4.260612487792969,4.260612487792969
3014603,301,2022,3014603_1,92.0,94.98557,-2.9855728149414062,2.9855728149414062
3014603,301,2023,3014603_2,74.0,60.53913,13.460868835449219,13.460868835449219
3014603,301,2024,3014603_3,36.0,48.343483,-12.343482971191406,12.343482971191406
3014610,301,2021,3014610_0,-15.0,3.5412169,-18.54121685028076,18.54121685028076
3014610,301,2022,3014610_1,1.0,2.8031876,-1.803187608718872,1.803187608718872
3014610,301,2023,3014610_2,2.0,-3.301404,5.301403999328613,5.301403999328613
3014610,301,2024,3014610_3,9.0,-12.360362,21.36036205291748,21.36036205291748
3014705,301,2021,3014705_0,82.0,45.88017,36.11983108520508,36.11983108520508
3014705,301,2022,3014705_1,88.0,74.97255,13.027450561523438,13.027450561523438
3014705,301,2023,3014705_2,40.0,55.706203,-15.70620346069336,15.70620346069336
3014705,301,2024,3014705_3,28.0,44.13994,-16.139938354492188,16.139938354492188
3014805,301,2021,3014805_0,14.0,56.25674,-42.25674057006836,42.25674057006836
3014805,301,2022,3014805_1,-120.0,-7.916292,-112.08370780944824,112.08370780944824
3014805,301,2023,3014805_2,-102.99999999999999,-30.328522,-72.67147827148436,72.67147827148436
3014805,301,2024,3014805_3,-89.0,-43.800163,-45.19983673095703,45.19983673095703
3014903,301,2021,3014903_0,167.0,163.98639,3.01361083984375,3.01361083984375
3014903,301,2022,3014903_1,125.00000000000001,163.08064,-38.0806427001953,38.0806427001953
3014903,301,2023,3014903_2,160.0,104.05865,55.94135284423828,55.94135284423828
3014903,301,2024,3014903_3,28.0,95.00715,-67.00714874267578,67.00714874267578
3014904,301,2021,3014904_0,101.0,113.48678,-12.486778259277344,12.486778259277344
3014904,301,2022,3014904_1,96.0,106.24141,-10.241409301757812,10.241409301757812
3014904,301,2023,3014904_2,45.00000000000001,56.324474,-11.32447433471679,11.32447433471679
3014904,301,2024,3014904_3,44.0,49.81217,-5.812168121337891,5.812168121337891
3014911,301,2021,3014911_0,-31.0,-58.59037,27.590370178222656,27.590370178222656
3014911,301,2022,3014911_1,-29.0,-30.333855,1.3338546752929688,1.3338546752929688
3014911,301,2023,3014911_2,82.0,-2.0362606,84.0362606048584,84.0362606048584
3014911,301,2024,3014911_3,104.0,130.60275,-26.602752685546875,26.602752685546875
3015005,301,2021,3015005_0,13.0,14.867922,-1.8679218292236328,1.8679218292236328
3015005,301,2022,3015005_1,61.0,41.051598,19.948402404785156,19.948402404785156
3015005,301,2023,3015005_2,106.00000000000001,73.54643,32.45356750488283,32.45356750488283
3015005,301,2024,3015005_3,152.0,122.48499,29.51500701904297,29.51500701904297
3015204,301,2021,3015204_0,52.0,47.318672,4.681327819824219,4.681327819824219
3015204,301,2022,3015204_1,14.0,45.628227,-31.62822723388672,31.62822723388672
3015204,301,2023,3015204_2,72.0,36.594433,35.40556716918945,35.40556716918945
3015204,301,2024,3015204_3,28.0,57.467216,-29.46721649169922,29.46721649169922
3015209,301,2021,3015209_0,43.0,13.676422,29.323577880859375,29.323577880859375
3015209,301,2022,3015209_1,31.0,23.090414,7.909585952758789,7.909585952758789
3015209,301,2023,3015209_2,23.0,32.246735,-9.246734619140625,9.246734619140625
3015209,301,2024,3015209_3,9.0,9.934251,-0.9342508316040039,0.9342508316040039
3015405,301,2021,3015405_0,-30.0,-48.42327,18.42327117919922,18.42327117919922
3015405,301,2022,3015405_1,-40.0,6.9584255,-46.958425521850586,46.958425521850586
3015405,301,2023,3015405_2,37.0,76.73861,-39.738609313964844,39.738609313964844
3015405,301,2024,3015405_3,59.0,35.05516,23.944839477539062,23.944839477539062
3015503,301,2021,3015503_0,61.0,33.06288,27.937118530273438,27.937118530273438
3015503,301,2022,3015503_1,12.0,47.211018,-35.21101760864258,35.21101760864258
3015503,301,2023,3015503_2,15.0,32.079155,-17.07915496826172,17.07915496826172
3015503,301,2024,3015503_3,-22.0,-24.008825,2.0088253021240234,2.0088253021240234
11030104,1103,2021,11030104_0,-11.0,-22.659538,11.659538269042969,11.659538269042969
11030104,1103,2022,11030104_1,9.0,-13.615322,22.61532211303711,22.61532211303711
11030104,1103,2023,11030104_2,26.0,16.598883,9.401117324829102,9.401117324829102
11030104,1103,2024,11030104_3,-2.0,12.219295,-14.219294548034668,14.219294548034668
11030501,1103,2021,11030501_0,28.0,15.47783,12.522170066833496,12.522170066833496
11030501,1103,2022,11030501_1,4.0,10.579729,-6.579729080200195,6.579729080200195
11030501,1103,2023,11030501_2,61.0,7.366583,53.6334171295166,53.6334171295166
11030501,1103,2024,11030501_3,38.0,29.719648,8.280351638793945,8.280351638793945
11030502,1103,2021,11030502_0,34.0,27.978642,6.021358489990234,6.021358489990234
11030502,1103,2022,11030502_1,60.0,19.846958,40.15304183959961,40.15304183959961
11030502,1103,2023,11030502_2,-2.0,59.123974,-61.12397384643555,61.12397384643555
11030502,1103,2024,11030502_3,72.0,11.150425,60.84957504272461,60.84957504272461
11030506,1103,2021,11030506_0,31.0,20.029697,10.97030258178711,10.97030258178711
11030506,1103,2022,11030506_1,52.0,17.349358,34.65064239501953,34.65064239501953
11030506,1103,2023,11030506_2,-10.0,32.285507,-42.28550720214844,42.28550720214844
11030506,1103,2024,11030506_3,-2.0,6.715708,-8.715707778930664,8.715707778930664
11030603,1103,2021,11030603_0,41.0,46.47578,-5.475780487060547,5.475780487060547
11030603,1103,2022,11030603_1,50.0,47.50555,2.4944496154785156,2.4944496154785156
11030603,1103,2023,11030603_2,35.0,61.63617,-26.63616943359375,26.63616943359375
11030603,1103,2024,11030603_3,-11.0,20.245813,-31.245813369750977,31.245813369750977
11030611,1103,2021,11030611_0,23.0,22.805925,0.1940746307373047,0.1940746307373047
11030611,1103,2022,11030611_1,33.0,40.520107,-7.520107269287109,7.520107269287109
11030611,1103,2023,11030611_2,7.0,38.336334,-31.336334228515625,31.336334228515625
11030611,1103,2024,11030611_3,-2.0,9.25639,-11.256389617919922,11.256389617919922
11030612,1103,2021,11030612_0,-35.0,-15.113832,-19.886167526245117,19.886167526245117
11030612,1103,2022,11030612_1,8.0,-22.850357,30.850357055664062,30.850357055664062
11030612,1103,2023,11030612_2,25.0,3.3427029,21.657297134399414,21.657297134399414
11030612,1103,2024,11030612_3,13.0,33.081795,-20.08179473876953,20.08179473876953
11030706,1103,2021,11030706_0,-19.0,-23.354532,4.354532241821289,4.354532241821289
11030706,1103,2022,11030706_1,2.0,-10.195787,12.19578742980957,12.19578742980957
11030706,1103,2023,11030706_2,-20.0,11.671414,-31.671414375305176,31.671414375305176
11030706,1103,2024,11030706_3,-43.0,2.478065,-45.4780650138855,45.4780650138855
11030806,1103,2021,11030806_0,-28.0,-7.0235834,-20.97641658782959,20.97641658782959
11030806,1103,2022,11030806_1,-36.0,5.604574,-41.60457420349121,41.60457420349121
11030806,1103,2023,11030806_2,-30.0,5.4775677,-35.47756767272949,35.47756767272949
11030806,1103,2024,11030806_3,17.0,-4.075245,21.075244903564453,21.075244903564453
11030901,1103,2021,11030901_0,34.0,17.527428,16.472572326660156,16.472572326660156
11030901,1103,2022,11030901_1,20.0,31.981071,-11.981071472167969,11.981071472167969
11030901,1103,2023,11030901_2,-5.0,32.039024,-37.039024353027344,37.039024353027344
11030901,1103,2024,11030901_3,81.0,46.71287,34.28712844848633,34.28712844848633
11030911,1103,2021,11030911_0,0.0,-5.334565,5.334565162658691,5.334565162658691
11030911,1103,2022,11030911_1,3.0,-8.923181,11.92318058013916,11.92318058013916
11030911,1103,2023,11030911_2,2.0,-7.951812,9.951811790466309,9.951811790466309
11030911,1103,2024,11030911_3,9.0,1.2194128,7.780587196350098,7.780587196350098
11031206,1103,2021,11031206_0,7.0,21.950499,-14.950498580932617,14.950498580932617
11031206,1103,2022,11031206_1,-23.0,12.497203,-35.49720287322998,35.49720287322998
11031206,1103,2023,11031206_2,-13.0,-25.054592,12.05459213256836,12.05459213256836
11031206,1103,2024,11031206_3,-17.0,-19.733995,2.7339954376220703,2.7339954376220703
11031207,1103,2021,11031207_0,-13.0,-16.346876,3.3468761444091797,3.3468761444091797
11031207,1103,2022,11031207_1,-11.0,0.26052046,-11.260520458221436,11.260520458221436
11031207,1103,2023,11031207_2,-27.0,-5.0872355,-21.91276454925537,21.91276454925537
11031207,1103,2024,11031207_3,-9.0,-9.460673,0.46067333221435547,0.46067333221435547
11031215,1103,2021,11031215_0,23.0,0.57033706,22.429662942886353,22.429662942886353
11031215,1103,2022,11031215_1,-1.0,-11.491137,10.49113655090332,10.49113655090332
11031215,1103,2023,11031215_2,-8.0,-4.2388825,-3.761117458343506,3.761117458343506
11031215,1103,2024,11031215_3,6.0,-5.3730516,11.373051643371582,11.373051643371582
11031218,1103,2021,11031218_0,0.0,-4.0810885,4.081088542938232,4.081088542938232
11031218,1103,2022,11031218_1,7.0,-1.2595367,8.259536743164062,8.259536743164062
11031218,1103,2023,11031218_2,5.0,6.3537803,-1.3537802696228027,1.3537802696228027
11031218,1103,2024,11031218_3,10.0,3.2379794,6.762020587921143,6.762020587921143
11031221,1103,2021,11031221_0,44.0,67.73169,-23.731689453125,23.731689453125
11031221,1103,2022,11031221_1,38.0,54.672436,-16.672435760498047,16.672435760498047
11031221,1103,2023,11031221_2,16.0,42.64346,-26.64345932006836,26.64345932006836
11031221,1103,2024,11031221_3,4.0,5.7569695,-1.7569694519042969,1.7569694519042969
11031224,1103,2021,11031224_0,1.0,-10.763798,11.763797760009766,11.763797760009766
11031224,1103,2022,11031224_1,-5.0,-13.37833,8.37833023071289,8.37833023071289
11031224,1103,2023,11031224_2,-22.0,-0.7818217,-21.218178272247314,21.218178272247314
11031224,1103,2024,11031224_3,-1.0,-12.215514,11.215514183044434,11.215514183044434
11031717,1103,2021,11031717_0,23.0,-7.8884554,30.888455390930176,30.888455390930176
11031717,1103,2022,11031717_1,15.0,1.3580273,13.641972661018372,13.641972661018372
11031717,1103,2023,11031717_2,19.0,8.271881,10.728118896484375,10.728118896484375
11031717,1103,2024,11031717_3,29.0,2.0931358,26.906864166259766,26.906864166259766
11031722,1103,2021,11031722_0,48.0,29.167677,18.83232307434082,18.83232307434082
11031722,1103,2022,11031722_1,13.0,39.672802,-26.672801971435547,26.672801971435547
11031722,1103,2023,11031722_2,-7.0,31.180676,-38.1806755065918,38.1806755065918
11031722,1103,2024,11031722_3,23.0,-6.4458847,29.445884704589844,29.445884704589844
11031723,1103,2021,11031723_0,-27.0,-23.403461,-3.596538543701172,3.596538543701172
11031723,1103,2022,11031723_1,-47.0,-22.14256,-24.857440948486328,24.857440948486328
11031723,1103,2023,11031723_2,-15.0,-27.318998,12.318998336791992,12.318998336791992
11031723,1103,2024,11031723_3,-12.0,-51.030445,39.03044509887695,39.03044509887695
11031734,1103,2021,11031734_0,0.0,-3.5580578,3.5580577850341797,3.5580577850341797
11031734,1103,2022,11031734_1,1.0,-7.3380184,8.338018417358398,8.338018417358398
11031734,1103,2023,11031734_2,-2.0,-2.8269095,0.8269095420837402,0.8269095420837402
11031734,1103,2024,11031734_3,9.0,-4.0223913,13.022391319274902,13.022391319274902
11031735,1103,2021,11031735_0,29.0,12.067611,16.93238925933838,16.93238925933838
11031735,1103,2022,11031735_1,31.0,12.629276,18.370723724365234,18.370723724365234
11031735,1103,2023,11031735_2,-16.0,9.65914,-25.65913963317871,25.65913963317871
11031735,1103,2024,11031735_3,9.0,-2.0587368,11.058736801147461,11.058736801147461
11031810,1103,2021,11031810_0,26.0,-9.614779,35.614779472351074,35.614779472351074
11031810,1103,2022,11031810_1,13.0,16.868721,-3.8687210083007812,3.8687210083007812
11031810,1103,2023,11031810_2,8.0,28.048409,-20.04840850830078,20.04840850830078
11031810,1103,2024,11031810_3,-13.0,-7.0332756,-5.966724395751953,5.966724395751953
11032202,1103,2021,11032202_0,50.0,18.121399,31.87860107421875,31.87860107421875
11032202,1103,2022,11032202_1,29.0,23.063223,5.936777114868164,5.936777114868164
11032202,1103,2023,11032202_2,21.0,34.072178,-13.07217788696289,13.07217788696289
11032202,1103,2024,11032202_3,8.0,4.4676247,3.5323753356933594,3.5323753356933594
11032205,1103,2021,11032205_0,19.0,36.135918,-17.13591766357422,17.13591766357422
11032205,1103,2022,11032205_1,76.0,35.13539,40.86460876464844,40.86460876464844
11032205,1103,2023,11032205_2,38.0,27.884409,10.115591049194336,10.115591049194336
11032205,1103,2024,11032205_3,65.0,26.820599,38.17940139770508,38.17940139770508
11032708,1103,2021,11032708_0,5.0,-15.54311,20.543109893798828,20.543109893798828
11032708,1103,2022,11032708_1,-1.0,-15.90081,14.900810241699219,14.900810241699219
11032708,1103,2023,11032708_2,11.0,-5.1348963,16.134896278381348,16.134896278381348
11032708,1103,2024,11032708_3,1.0,-11.150506,12.150506019592285,12.150506019592285
11032714,1103,2021,11032714_0,43.0,42.947067,0.0529327392578125,0.0529327392578125
11032714,1103,2022,11032714_1,68.0,40.956875,27.04312515258789,27.04312515258789
11032714,1103,2023,11032714_2,52.0,34.25732,17.742679595947266,17.742679595947266
11032714,1103,2024,11032714_3,47.0,33.56435,13.435649871826172,13.435649871826172
11032715,1103,2021,11032715_0,-22.0,-23.469526,1.4695262908935547,1.4695262908935547
11032715,1103,2022,11032715_1,-21.0,-27.33497,6.334970474243164,6.334970474243164
11032715,1103,2023,11032715_2,0.0,-19.68614,19.686140060424805,19.686140060424805
11032715,1103,2024,11032715_3,7.0,-0.23586655,7.235866546630859,7.235866546630859
11032716,1103,2021,11032716_0,-13.0,-7.850522,-5.149477958679199,5.149477958679199
11032716,1103,2022,11032716_1,-11.0,-5.5531874,-5.446812629699707,5.446812629699707
11032716,1103,2023,11032716_2,-2.0,-3.3158784,1.3158783912658691,1.3158783912658691
11032716,1103,2024,11032716_3,-5.0,-12.708618,7.7086181640625,7.7086181640625
11032718,1103,2021,11032718_0,32.0,26.444902,5.555097579956055,5.555097579956055
11032718,1103,2022,11032718_1,31.0,34.60359,-3.603588104248047,3.603588104248047
11032718,1103,2023,11032718_2,11.0,34.81491,-23.814910888671875,23.814910888671875
11032718,1103,2024,11032718_3,-6.0,-1.9747105,-4.025289535522461,4.025289535522461
11032719,1103,2021,11032719_0,-8.0,-13.385996,5.385995864868164,5.385995864868164
11032719,1103,2022,11032719_1,-18.000000000000004,-10.800449,-7.199550628662113,7.199550628662113
11032719,1103,2023,11032719_2,-2.0,-7.7957935,5.795793533325195,5.795793533325195
11032719,1103,2024,11032719_3,-8.0,-4.2622433,-3.7377567291259766,3.7377567291259766
11032724,1103,2021,11032724_0,150.0,80.83954,69.16046142578125,69.16046142578125
11032724,1103,2022,11032724_1,94.0,46.773453,47.22654724121094,47.22654724121094
11032724,1103,2023,11032724_2,32.0,18.350994,13.649005889892578,13.649005889892578
11032724,1103,2024,11032724_3,27.0,4.477538,22.522461891174316,22.522461891174316
11032726,1103,2021,11032726_0,22.0,-10.760281,32.76028060913086,32.76028060913086
11032726,1103,2022,11032726_1,19.0,-13.037004,32.037004470825195,32.037004470825195
11032726,1103,2023,11032726_2,0.0,3.8701353,-3.8701353073120117,3.8701353073120117
11032726,1103,2024,11032726_3,9.0,0.75650215,8.243497848510742,8.243497848510742
11200108,1120,2021,11200108_0,5.0,-4.5253644,9.525364398956299,9.525364398956299
11200108,1120,2022,11200108_1,-25.0,-9.030035,-15.969964981079102,15.969964981079102
11200108,1120,2023,11200108_2,-2.0,-11.5514145,9.551414489746094,9.551414489746094
11200108,1120,2024,11200108_3,9.0,-3.9327164,12.932716369628906,12.932716369628906
11200109,1120,2021,11200109_0,3.0,6.5789046,-3.578904628753662,3.578904628753662
11200109,1120,2022,11200109_1,3.0,2.6646328,0.33536720275878906,0.33536720275878906
11200109,1120,2023,11200109_2,-2.0,-1.9726086,-0.027391433715820312,0.027391433715820312
11200109,1120,2024,11200109_3,4.0,-1.7943454,5.794345378875732,5.794345378875732
11200401,1120,2021,11200401_0,53.0,-19.542715,72.54271507263184,72.54271507263184
11200401,1120,2022,11200401_1,140.0,75.976906,64.0230941772461,64.0230941772461
11200401,1120,2023,11200401_2,274.0,259.25064,14.749359130859375,14.749359130859375
11200401,1120,2024,11200401_3,372.0,400.22565,-28.22564697265625,28.22564697265625
11200503,1120,2021,11200503_0,4.0,-1.4173365,5.417336463928223,5.417336463928223
11200503,1120,2022,11200503_1,-5.0,-7.1535997,2.153599739074707,2.153599739074707
11200503,1120,2023,11200503_2,-4.0,-10.570926,6.570925712585449,6.570925712585449
11200503,1120,2024,11200503_3,-8.0,-4.33299,-3.6670098304748535,3.6670098304748535
11200506,1120,2021,11200506_0,24.000000000000004,-15.677397,39.67739677429199,39.67739677429199
11200506,1120,2022,11200506_1,11.0,34.44725,-23.447250366210938,23.447250366210938
11200506,1120,2023,11200506_2,22.0,25.712551,-3.7125511169433594,3.7125511169433594
11200506,1120,2024,11200506_3,45.00000000000001,-7.7561874,52.75618743896485,52.75618743896485
11210105,1121,2021,11210105_0,-5.0,-18.031319,13.031318664550781,13.031318664550781
11210105,1121,2022,11210105_1,-2.0,-16.21336,14.213359832763672,14.213359832763672
11210105,1121,2023,11210105_2,6.0,-8.740332,14.740331649780273,14.740331649780273
11210105,1121,2024,11210105_3,12.0,-0.10934734,12.109347343444824,12.109347343444824
11210303,1121,2021,11210303_0,-6.0,-13.035681,7.035680770874023,7.035680770874023
11210303,1121,2022,11210303_1,-17.0,-12.098582,-4.9014177322387695,4.9014177322387695
11210303,1121,2023,11210303_2,-12.0,-8.534973,-3.46502685546875,3.46502685546875
11210303,1121,2024,11210303_3,-17.0,-6.909383,-10.090617179870605,10.090617179870605
11210306,1121,2021,11210306_0,7.0,-6.4640894,13.464089393615723,13.464089393615723
11210306,1121,2022,11210306_1,2.0,-1.1980019,3.1980018615722656,3.1980018615722656
11210306,1121,2023,11210306_2,20.0,7.860767,12.139233112335205,12.139233112335205
11210306,1121,2024,11210306_3,13.0,19.368984,-6.368984222412109,6.368984222412109
11210504,1121,2021,11210504_0,2.0,-10.551491,12.551490783691406,12.551490783691406
11210504,1121,2022,11210504_1,2.0,-13.836348,15.836347579956055,15.836347579956055
11210504,1121,2023,11210504_2,2.0,-7.546666,9.546666145324707,9.546666145324707
11210504,1121,2024,11210504_3,7.0,-6.8744526,13.874452590942383,13.874452590942383
11220105,1122,2021,11220105_0,51.0,-13.462727,64.46272659301758,64.46272659301758
11220105,1122,2022,11220105_1,12.0,36.387222,-24.387222290039062,24.387222290039062
11220105,1122,2023,11220105_2,46.0,19.664274,26.335725784301758,26.335725784301758
11220105,1122,2024,11220105_3,13.0,30.812567,-17.81256675720215,17.81256675720215
11220110,1122,2021,11220110_0,10.0,3.3471172,6.652882814407349,6.652882814407349
11220110,1122,2022,11220110_1,17.0,5.5178185,11.482181549072266,11.482181549072266
11220110,1122,2023,11220110_2,6.0,5.2159157,0.7840843200683594,0.7840843200683594
11220110,1122,2024,11220110_3,-1.0,10.28039,-11.280389785766602,11.280389785766602
11220114,1122,2021,11220114_0,-13.0,-18.301832,5.30183219909668,5.30183219909668
11220114,1122,2022,11220114_1,6.0,-8.284391,14.284391403198242,14.284391403198242
11220114,1122,2023,11220114_2,1.0,-3.6178184,4.617818355560303,4.617818355560303
11220114,1122,2024,11220114_3,9.0,-5.950013,14.950013160705566,14.950013160705566
11220201,1122,2021,11220201_0,5.0,-38.79181,43.79180908203125,43.79180908203125
11220201,1122,2022,11220201_1,-3.0,-25.920475,22.920475006103516,22.920475006103516
11220201,1122,2023,11220201_2,18.0,-30.098454,48.098453521728516,48.098453521728516
11220201,1122,2024,11220201_3,12.0,-3.4600725,15.46007251739502,15.46007251739502
11220303,1122,2021,11220303_0,-5.0,-15.177938,10.177938461303711,10.177938461303711
11220303,1122,2022,11220303_1,3.0,-11.980536,14.980536460876465,14.980536460876465
11220303,1122,2023,11220303_2,7.0,-3.2634788,10.263478755950928,10.263478755950928
11220303,1122,2024,11220303_3,5.0,2.0587597,2.9412403106689453,2.9412403106689453
11240102,1124,2021,11240102_0,233.0,142.41,90.58999633789062,90.58999633789062
11240102,1124,2022,11240102_1,244.0,142.44443,101.55557250976562,101.55557250976562
11240102,1124,2023,11240102_2,195.0,166.22827,28.771728515625,28.771728515625
11240102,1124,2024,11240102_3,155.0,136.97476,18.025238037109375,18.025238037109375
11240107,1124,2021,11240107_0,58.0,67.35173,-9.351730346679688,9.351730346679688
11240107,1124,2022,11240107_1,41.0,43.230217,-2.2302169799804688,2.2302169799804688
11240107,1124,2023,11240107_2,9.0,15.333991,-6.333991050720215,6.333991050720215
11240107,1124,2024,11240107_3,-5.0,5.4970217,-10.497021675109863,10.497021675109863
11240202,1124,2021,11240202_0,23.0,-0.9175482,23.917548179626465,23.917548179626465
11240202,1124,2022,11240202_1,30.0,7.193045,22.806954860687256,22.806954860687256
11240202,1124,2023,11240202_2,27.0,28.952963,-1.952962875366211,1.952962875366211
11240202,1124,2024,11240202_3,23.0,21.955343,1.044656753540039,1.044656753540039
11240402,1124,2021,11240402_0,11.0,0.38666606,10.613333940505981,10.613333940505981
11240402,1124,2022,11240402_1,0.0,0.04682231,-0.046822309494018555,0.046822309494018555
11240402,1124,2023,11240402_2,4.0,0.29182863,3.7081713676452637,3.7081713676452637
11240402,1124,2024,11240402_3,-2.0,0.23837423,-2.2383742332458496,2.2383742332458496
11240503,1124,2021,11240503_0,327.0,25.933872,301.0661277770996,301.0661277770996
11240503,1124,2022,11240503_1,282.0,67.735634,214.26436614990234,214.26436614990234
11240503,1124,2023,11240503_2,452.0,59.695667,392.3043327331543,392.3043327331543
11240503,1124,2024,11240503_3,444.0,60.455925,383.54407501220703,383.54407501220703
11240603,1124,2021,11240603_0,60.0,71.48137,-11.481369018554688,11.481369018554688
11240603,1124,2022,11240603_1,100.0,82.67699,17.323013305664062,17.323013305664062
11240603,1124,2023,11240603_2,75.0,94.43894,-19.438941955566406,19.438941955566406
11240603,1124,2024,11240603_3,67.0,76.55514,-9.555137634277344,9.555137634277344
11270102,1127,2021,11270102_0,-1.0,-12.061625,11.061624526977539,11.061624526977539
11270102,1127,2022,11270102_1,-20.0,-7.35487,-12.645130157470703,12.645130157470703
11270102,1127,2023,11270102_2,-8.0,-6.292802,-1.707198143005371,1.707198143005371
11270102,1127,2024,11270102_3,-10.0,-4.1622243,-5.837775707244873,5.837775707244873
11300201,1130,2021,11300201_0,-6.0,-13.811214,7.811214447021484,7.811214447021484
11300201,1130,2022,11300201_1,6.0,-13.514313,19.514312744140625,19.514312744140625
11300201,1130,2023,11300201_2,7.0,-2.0929904,9.092990398406982,9.092990398406982
11300201,1130,2024,11300201_3,12.0,-1.5017939,13.50179386138916,13.50179386138916
11440101,1144,2021,11440101_0,0.0,-4.035012,4.0350117683410645,4.0350117683410645
11440101,1144,2022,11440101_1,0.0,-3.9603448,3.9603447914123535,3.9603447914123535
11440101,1144,2023,11440101_2,0.0,-3.8660989,3.8660988807678223,3.8660988807678223
11440101,1144,2024,11440101_3,0.0,-3.8023171,3.8023171424865723,3.8023171424865723
11490103,1149,2021,11490103_0,-8.0,6.462914,-14.462913990020752,14.462913990020752
11490103,1149,2022,11490103_1,-10.0,-9.921865,-0.07813453674316406,0.07813453674316406
11490103,1149,2023,11490103_2,-7.0,-14.468147,7.468147277832031,7.468147277832031
11490103,1149,2024,11490103_3,1.0,-11.187038,12.18703842163086,12.18703842163086
11490305,1149,2021,11490305_0,-21.0,-5.434243,-15.565756797790527,15.565756797790527
11490305,1149,2022,11490305_1,-42.0,-17.93607,-24.06393051147461,24.06393051147461
11490305,1149,2023,11490305_2,-29.0,-22.734898,-6.265102386474609,6.265102386474609
11490305,1149,2024,11490305_3,-22.0,-23.809858,1.8098583221435547,1.8098583221435547
11490306,1149,2021,11490306_0,-49.99999999999999,-44.50145,-5.498550415039055,5.498550415039055
11490306,1149,2022,11490306_1,-8.0,-24.417591,16.417591094970703,16.417591094970703
11490306,1149,2023,11490306_2,24.000000000000004,14.679596,9.320404052734379,9.320404052734379
11490306,1149,2024,11490306_3,44.0,32.658215,11.341785430908203,11.341785430908203
11490404,1149,2021,11490404_0,-12.0,-12.077983,0.07798290252685547,0.07798290252685547
11490404,1149,2022,11490404_1,12.0,-6.4493217,18.449321746826172,18.449321746826172
11490404,1149,2023,11490404_2,13.0,6.6392517,6.360748291015625,6.360748291015625
11490404,1149,2024,11490404_3,20.0,1.1488421,18.851157903671265,18.851157903671265
11490501,1149,2021,11490501_0,2.0,-4.764656,6.764656066894531,6.764656066894531
11490501,1149,2022,11490501_1,12.0,2.1486592,9.851340770721436,9.851340770721436
11490501,1149,2023,11490501_2,23.0,-4.4113255,27.411325454711914,27.411325454711914
11490501,1149,2024,11490501_3,18.0,12.693851,5.306148529052734,5.306148529052734
11490505,1149,2021,11490505_0,15.0,-11.102442,26.102441787719727,26.102441787719727
11490505,1149,2022,11490505_1,16.0,4.9162917,11.0837082862854,11.0837082862854
11490505,1149,2023,11490505_2,38.0,21.032856,16.967144012451172,16.967144012451172
11490505,1149,2024,11490505_3,29.0,3.7738752,25.22612476348877,25.22612476348877
11490509,1149,2021,11490509_0,6.0,-10.733574,16.73357391357422,16.73357391357422
11490509,1149,2022,11490509_1,7.0,-9.918876,16.918875694274902,16.918875694274902
11490509,1149,2023,11490509_2,10.0,3.3890126,6.610987424850464,6.610987424850464
11490509,1149,2024,11490509_3,15.0,0.19164991,14.808350086212158,14.808350086212158
11490605,1149,2021,11490605_0,-5.0,33.86215,-38.86214828491211,38.86214828491211
11490605,1149,2022,11490605_1,-6.0,13.294228,-19.294227600097656,19.294227600097656
11490605,1149,2023,11490605_2,-14.0,-5.6661253,-8.333874702453613,8.333874702453613
11490605,1149,2024,11490605_3,-14.0,15.139373,-29.13937282562256,29.13937282562256
11490606,1149,2021,11490606_0,1.0,-19.103025,20.103025436401367,20.103025436401367
11490606,1149,2022,11490606_1,-32.0,6.120062,-38.12006187438965,38.12006187438965
11490606,1149,2023,11490606_2,21.0,15.580032,5.4199676513671875,5.4199676513671875
11490606,1149,2024,11490606_3,93.0,15.940495,77.05950546264648,77.05950546264648
11490801,1149,2021,11490801_0,2.0,4.4576216,-2.4576215744018555,2.4576215744018555
11490801,1149,2022,11490801_1,-20.0,2.5148358,-22.514835834503174,22.514835834503174
11490801,1149,2023,11490801_2,-7.0,-8.476924,1.476923942565918,1.476923942565918
11490801,1149,2024,11490801_3,5.0,1.0189865,3.981013536453247,3.981013536453247
11490904,1149,2021,11490904_0,-32.0,-29.31425,-2.685749053955078,2.685749053955078
11490904,1149,2022,11490904_1,-10.0,-27.554945,17.55494499206543,17.55494499206543
11490904,1149,2023,11490904_2,-20.0,-10.803992,-9.19600772857666,9.19600772857666
11490904,1149,2024,11490904_3,2.0,-8.653886,10.653885841369629,10.653885841369629
11490905,1149,2021,11490905_0,47.0,21.186594,25.813405990600586,25.813405990600586
11490905,1149,2022,11490905_1,72.0,27.052258,44.9477424621582,44.9477424621582
11490905,1149,2023,11490905_2,73.0,35.332638,37.667362213134766,37.667362213134766
11490905,1149,2024,11490905_3,69.0,51.128242,17.87175750732422,17.87175750732422
11490906,1149,2021,11490906_0,39.0,37.67,1.3300018310546875,1.3300018310546875
11490906,1149,2022,11490906_1,39.0,57.285984,-18.28598403930664,18.28598403930664
11490906,1149,2023,11490906_2,40.0,42.144753,-2.1447525024414062,2.1447525024414062
11490906,1149,2024,11490906_3,20.0,49.06587,-29.065868377685547,29.065868377685547
11491007,1149,2021,11491007_0,-4.0,-7.788724,3.788723945617676,3.788723945617676
11491007,1149,2022,11491007_1,8.0,-11.863209,19.863208770751953,19.863208770751953
11491007,1149,2023,11491007_2,2.0,-4.365488,6.365488052368164,6.365488052368164
11491007,1149,2024,11491007_3,-9.0,-3.1944842,-5.805515766143799,5.805515766143799
15160104,1516,2021,15160104_0,-8.0,-6.0815268,-1.918473243713379,1.918473243713379
15160104,1516,2022,15160104_1,-14.0,-9.156831,-4.843169212341309,4.843169212341309
15160104,1516,2023,15160104_2,-4.0,-8.641162,4.641161918640137,4.641161918640137
15160104,1516,2024,15160104_3,17.0,-7.215395,24.215394973754883,24.215394973754883
15160106,1516,2021,15160106_0,74.0,25.723318,48.276681900024414,48.276681900024414
15160106,1516,2022,15160106_1,77.0,29.087646,47.912353515625,47.912353515625
15160106,1516,2023,15160106_2,89.0,14.578991,74.4210090637207,74.4210090637207
15160106,1516,2024,15160106_3,79.0,42.612858,36.387142181396484,36.387142181396484
15160110,1516,2021,15160110_0,23.0,21.133156,1.8668441772460938,1.8668441772460938
15160110,1516,2022,15160110_1,18.0,16.875553,1.1244468688964844,1.1244468688964844
15160110,1516,2023,15160110_2,-4.0,7.3317647,-11.331764698028564,11.331764698028564
15160110,1516,2024,15160110_3,3.0,4.9045243,-1.904524326324463,1.904524326324463
15160204,1516,2021,15160204_0,-1.0,-11.196667,10.196666717529297,10.196666717529297
15160204,1516,2022,15160204_1,-4.0,-8.080596,4.080595970153809,4.080595970153809
15160204,1516,2023,15160204_2,-12.0,-12.019079,0.019079208374023438,0.019079208374023438
15160204,1516,2024,15160204_3,-10.0,-6.7969675,-3.2030324935913086,3.2030324935913086
15310108,1531,2021,15310108_0,81.0,66.56862,14.431381225585938,14.431381225585938
15310108,1531,2022,15310108_1,71.0,65.5789,5.4210968017578125,5.4210968017578125
15310108,1531,2023,15310108_2,52.0,65.12256,-13.12255859375,13.12255859375
15310108,1531,2024,15310108_3,31.0,49.84856,-18.848560333251953,18.848560333251953
15310201,1531,2021,15310201_0,29.0,25.526106,3.4738941192626953,3.4738941192626953
15310201,1531,2022,15310201_1,27.0,28.593351,-1.5933513641357422,1.5933513641357422
15310201,1531,2023,15310201_2,19.0,18.231081,0.7689189910888672,0.7689189910888672
15310201,1531,2024,15310201_3,13.0,21.811768,-8.811767578125,8.811767578125
15310207,1531,2021,15310207_0,16.0,45.314396,-29.314395904541016,29.314395904541016
15310207,1531,2022,15310207_1,15.0,41.29647,-26.296470642089844,26.296470642089844
15310207,1531,2023,15310207_2,27.0,17.01605,9.983949661254883,9.983949661254883
15310207,1531,2024,15310207_3,10.0,37.542675,-27.542675018310547,27.542675018310547
15320104,1532,2021,15320104_0,5.0,5.137622,-0.13762187957763672,0.13762187957763672
15320104,1532,2022,15320104_1,-13.0,2.1250696,-15.125069618225098,15.125069618225098
15320104,1532,2023,15320104_2,4.0,-1.6321287,5.632128715515137,5.632128715515137
15320104,1532,2024,15320104_3,-3.0,-8.0400505,5.040050506591797,5.040050506591797
15320105,1532,2021,15320105_0,-1.0,-17.906025,16.906024932861328,16.906024932861328
15320105,1532,2022,15320105_1,19.0,-9.076941,28.076940536499023,28.076940536499023
15320105,1532,2023,15320105_2,29.0,5.3547764,23.64522361755371,23.64522361755371
15320105,1532,2024,15320105_3,39.0,16.488895,22.511104583740234,22.511104583740234
15320202,1532,2021,15320202_0,4.0,32.962654,-28.96265411376953,28.96265411376953
15320202,1532,2022,15320202_1,-22.0,22.209011,-44.20901107788086,44.20901107788086
15320202,1532,2023,15320202_2,-21.0,-26.984789,5.98478889465332,5.98478889465332
15320202,1532,2024,15320202_3,-3.0,-7.0154314,4.0154314041137695,4.0154314041137695
15320205,1532,2021,15320205_0,47.0,26.73138,20.268619537353516,20.268619537353516
15320205,1532,2022,15320205_1,36.0,29.711857,6.288143157958984,6.288143157958984
15320205,1532,2023,15320205_2,44.0,21.119606,22.880393981933594,22.880393981933594
15320205,1532,2024,15320205_3,47.0,25.481682,21.51831817626953,21.51831817626953
18150101,1815,2021,18150101_0,10.0,-4.8046374,14.804637432098389,14.804637432098389
18150101,1815,2022,18150101_1,3.0,-1.4158092,4.415809154510498,4.415809154510498
18150101,1815,2023,18150101_2,-2.0,-1.6767216,-0.32327842712402344,0.32327842712402344
18150101,1815,2024,18150101_3,-5.0,-1.3048201,-3.6951799392700195,3.6951799392700195
18160101,1816,2021,18160101_0,-8.0,-5.412735,-2.5872650146484375,2.5872650146484375
18160101,1816,2022,18160101_1,-5.0,-14.498678,9.498678207397461,9.498678207397461
18160101,1816,2023,18160101_2,-10.0,-10.816096,0.816096305847168,0.816096305847168
18160101,1816,2024,18160101_3,0.0,-6.6334887,6.633488655090332,6.633488655090332
18380106,1838,2021,18380106_0,6.0,-2.2957907,8.295790672302246,8.295790672302246
18380106,1838,2022,18380106_1,-4.0,-0.22972226,-3.770277738571167,3.770277738571167
18380106,1838,2023,18380106_2,-2.0,0.68409944,-2.6840994358062744,2.6840994358062744
18380106,1838,2024,18380106_3,1.0,-0.13616514,1.1361651420593262,1.1361651420593262
18390109,1839,2021,18390109_0,-1.0,5.1526704,-6.152670383453369,6.152670383453369
18390109,1839,2022,18390109_1,1.0,-2.3253474,3.325347423553467,3.325347423553467
18390109,1839,2023,18390109_2,-6.0,-2.696334,-3.303666114807129,3.303666114807129
18390109,1839,2024,18390109_3,-1.0,1.2268671,-2.2268670797348022,2.2268670797348022
18390110,1839,2021,18390110_0,-5.0,-6.4948425,1.494842529296875,1.494842529296875
18390110,1839,2022,18390110_1,-1.0,-9.082857,8.082857131958008,8.082857131958008
18390110,1839,2023,18390110_2,1.0,-3.6629004,4.662900447845459,4.662900447845459
18390110,1839,2024,18390110_3,6.0,0.15407515,5.8459248542785645,5.8459248542785645
18390113,1839,2021,18390113_0,0.0,-4.035012,4.0350117683410645,4.0350117683410645
18390113,1839,2022,18390113_1,0.0,-3.9603448,3.9603447914123535,3.9603447914123535
18390113,1839,2023,18390113_2,0.0,-3.8660989,3.8660988807678223,3.8660988807678223
18390113,1839,2024,18390113_3,0.0,-3.8023171,3.8023171424865723,3.8023171424865723
18480101,1848,2021,18480101_0,-3.0,-8.997582,5.99758243560791,5.99758243560791
18480101,1848,2022,18480101_1,5.0,-8.824466,13.82446575164795,13.82446575164795
18480101,1848,2023,18480101_2,9.0,-4.0041947,13.004194736480713,13.004194736480713
18480101,1848,2024,18480101_3,4.0,-3.5305853,7.530585289001465,7.530585289001465
18480205,1848,2021,18480205_0,-3.0,-12.165005,9.16500473022461,9.16500473022461
18480205,1848,2022,18480205_1,-13.0,-14.094341,1.0943412780761719,1.0943412780761719
18480205,1848,2023,18480205_2,-10.0,-4.1890755,-5.810924530029297,5.810924530029297
18480205,1848,2024,18480205_3,-2.0,-0.9620497,-1.0379502773284912,1.0379502773284912
18530108,1853,2021,18530108_0,-13.0,-18.7908,5.790800094604492,5.790800094604492
18530108,1853,2022,18530108_1,-5.0,-14.357456,9.35745620727539,9.35745620727539
18530108,1853,2023,18530108_2,-5.0,0.7720802,-5.772080183029175,5.772080183029175
18530108,1853,2024,18530108_3,-4.0,-5.4143248,1.4143247604370117,1.4143247604370117
18530110,1853,2021,18530110_0,-8.0,0.88294053,-8.882940530776978,8.882940530776978
18530110,1853,2022,18530110_1,-6.0,-1.6885233,-4.311476707458496,4.311476707458496
18530110,1853,2023,18530110_2,-4.0,-4.367483,0.36748313903808594,0.36748313903808594
18530110,1853,2024,18530110_3,0.0,-6.967942,6.967942237854004,6.967942237854004
18670303,1867,2021,18670303_0,3.0,-6.750042,9.750041961669922,9.750041961669922
18670303,1867,2022,18670303_1,6.0,-7.8441772,13.84417724609375,13.84417724609375
18670303,1867,2023,18670303_2,5.0,-3.2412858,8.241285800933838,8.241285800933838
18670303,1867,2024,18670303_3,-2.0,1.543393,-3.5433930158615112,3.5433930158615112
18670304,1867,2021,18670304_0,-2.0,-12.890928,10.890928268432617,10.890928268432617
18670304,1867,2022,18670304_1,-3.0,-11.980473,8.980472564697266,8.980472564697266
18670304,1867,2023,18670304_2,-17.0,-4.6424513,-12.357548713684082,12.357548713684082
18670304,1867,2024,18670304_3,-7.0,-5.1334667,-1.8665332794189453,1.8665332794189453
18670309,1867,2021,18670309_0,-6.0,-12.370643,6.37064266204834,6.37064266204834
18670309,1867,2022,18670309_1,-3.0,-5.636751,2.636751174926758,2.636751174926758
18670309,1867,2023,18670309_2,-2.0,-9.324057,7.324056625366211,7.324056625366211
18670309,1867,2024,18670309_3,1.0,-2.4778466,3.477846622467041,3.477846622467041
18740102,1874,2021,18740102_0,-16.0,-17.72563,1.7256298065185547,1.7256298065185547
18740102,1874,2022,18740102_1,-8.0,-14.624992,6.624992370605469,6.624992370605469
18740102,1874,2023,18740102_2,-1.0,-5.2959003,4.295900344848633,4.295900344848633
18740102,1874,2024,18740102_3,-5.0,-3.55162,-1.4483799934387207,1.4483799934387207
